2025-07-06 11:23:26.420930, QNT/USDT (2h) - RSI: 44.17 âšª
2025-07-06 11:23:26.420983, HYPE/USDT (2h) - RSI: 45.38 âšª
2025-07-06 11:23:26.420992, BID/USDT (2h) - RSI: 71.68 ðŸ”´
2025-07-06 11:23:26.421000, SPX/USDT (2h) - RSI: 42.28 âšª
2025-07-06 11:23:26.421007, MKR/USDT (2h) - RSI: 43.38 âšª
2025-07-06 11:23:26.421014, AAVE/USDT (2h) - RSI: 38.62 âšª
2025-07-06 11:23:26.421021, BNT/USDT (2h) - RSI: 57.93 âšª
2025-07-06 11:23:26.421027, JST/USDT (2h) - RSI: 56.16 âšª
2025-07-06 11:23:26.421033, CAKE/USDT (2h) - RSI: 45.95 âšª
2025-07-06 11:23:26.421040, KAVA/USDT (2h) - RSI: 61.81 âšª
2025-07-06 11:23:26.421046, CHEEMS/USDT (2h) - RSI: 48.99 âšª
2025-07-06 11:23:26.421053, NEIROETH/USDT (2h) - RSI: 48.40 âšª
2025-07-06 11:23:26.421060, SUN/USDT (2h) - RSI: 48.38 âšª
2025-07-06 11:23:26.421066, PENDLE/USDT (2h) - RSI: 41.18 âšª
2025-07-06 11:23:26.421073, AVA/USDT (2h) - RSI: 45.25 âšª
2025-07-06 11:23:26.421079, SEI/USDT (2h) - RSI: 44.31 âšª
2025-07-06 11:23:26.421085, JELLYJELLY/USDT (2h) - RSI: 40.86 âšª
2025-07-06 11:27:05.108015, QNT/USDT (2h) - RSI: 46.35 âšª
2025-07-06 11:27:05.108070, HYPE/USDT (2h) - RSI: 46.46 âšª
2025-07-06 11:27:05.108082, BID/USDT (2h) - RSI: 72.05 ðŸ”´
2025-07-06 11:27:05.108091, SPX/USDT (2h) - RSI: 42.13 âšª
2025-07-06 11:27:05.108098, MKR/USDT (2h) - RSI: 44.10 âšª
2025-07-06 11:27:05.108106, AAVE/USDT (2h) - RSI: 39.33 âšª
2025-07-06 11:27:05.108113, BNT/USDT (2h) - RSI: 57.30 âšª
2025-07-06 11:27:05.108120, JST/USDT (2h) - RSI: 56.16 âšª
2025-07-06 11:27:05.108129, CAKE/USDT (2h) - RSI: 45.95 âšª
2025-07-06 11:27:05.108137, KAVA/USDT (2h) - RSI: 60.71 âšª
2025-07-06 11:27:05.108144, CHEEMS/USDT (2h) - RSI: 47.98 âšª
2025-07-06 11:27:05.108239, NEIROETH/USDT (2h) - RSI: 48.40 âšª
2025-07-06 11:27:05.108252, SUN/USDT (2h) - RSI: 46.59 âšª
2025-07-06 11:27:05.108260, PENDLE/USDT (2h) - RSI: 41.56 âšª
2025-07-06 11:27:05.108267, AVA/USDT (2h) - RSI: 47.22 âšª
2025-07-06 11:27:05.108274, SEI/USDT (2h) - RSI: 43.45 âšª
2025-07-06 11:27:05.108282, JELLYJELLY/USDT (2h) - RSI: 41.34 âšª
2025-07-06 11:58:36.734528, QNT/USDT (2h) - RSI: 53.47 âšª
2025-07-06 11:58:36.734573, HYPE/USDT (2h) - RSI: 51.18 âšª
2025-07-06 11:58:36.734581, BID/USDT (2h) - RSI: 71.90 ðŸ”´
2025-07-06 11:58:36.734586, SPX/USDT (2h) - RSI: 50.86 âšª
2025-07-06 11:58:36.734590, MKR/USDT (2h) - RSI: 44.85 âšª
2025-07-06 11:58:36.734594, AAVE/USDT (2h) - RSI: 37.88 âšª
2025-07-06 11:58:36.734598, BNT/USDT (2h) - RSI: 55.08 âšª
2025-07-06 11:58:36.734602, JST/USDT (2h) - RSI: 56.76 âšª
2025-07-06 11:58:36.734607, CAKE/USDT (2h) - RSI: 48.68 âšª
2025-07-06 11:58:36.734616, KAVA/USDT (2h) - RSI: 60.43 âšª
2025-07-06 11:58:36.734625, CHEEMS/USDT (2h) - RSI: 48.05 âšª
2025-07-06 11:58:36.734630, NEIROETH/USDT (2h) - RSI: 51.90 âšª
2025-07-06 11:58:36.734634, SUN/USDT (2h) - RSI: 50.28 âšª
2025-07-06 11:58:36.734638, PENDLE/USDT (2h) - RSI: 45.45 âšª
2025-07-06 11:58:36.734642, AVA/USDT (2h) - RSI: 49.11 âšª
2025-07-06 11:58:36.734646, SEI/USDT (2h) - RSI: 47.75 âšª
2025-07-06 11:58:36.734650, JELLYJELLY/USDT (2h) - RSI: 45.79 âšª
2025-07-06 12:02:23.901656, QNT/USDT (06.07 11:00 | 2h) - RSI: 51.69 âšª
2025-07-06 12:02:23.901704, HYPE/USDT (06.07 11:00 | 2h) - RSI: 40.00 âšª
2025-07-06 12:02:23.901714, BID/USDT (06.07 11:00 | 2h) - RSI: 69.07 âšª
2025-07-06 12:02:23.901721, SPX/USDT (06.07 11:00 | 2h) - RSI: 40.38 âšª
2025-07-06 12:02:23.901728, MKR/USDT (06.07 11:00 | 2h) - RSI: 37.50 âšª
2025-07-06 12:02:23.901735, AAVE/USDT (06.07 11:00 | 2h) - RSI: 31.34 âšª
2025-07-06 12:02:23.901742, BNT/USDT (06.07 11:00 | 2h) - RSI: 51.67 âšª
2025-07-06 12:02:23.901749, JST/USDT (06.07 11:00 | 2h) - RSI: 56.16 âšª
2025-07-06 12:02:23.901756, CAKE/USDT (06.07 11:00 | 2h) - RSI: 42.86 âšª
2025-07-06 12:02:23.901763, KAVA/USDT (06.07 11:00 | 2h) - RSI: 64.03 âšª
2025-07-06 12:02:23.901770, CHEEMS/USDT (06.07 11:00 | 2h) - RSI: 45.04 âšª
2025-07-06 12:02:23.901776, NEIROETH/USDT (06.07 11:00 | 2h) - RSI: 46.04 âšª
2025-07-06 12:02:23.901783, SUN/USDT (06.07 11:00 | 2h) - RSI: 51.78 âšª
2025-07-06 12:02:23.901790, PENDLE/USDT (06.07 11:00 | 2h) - RSI: 40.65 âšª
2025-07-06 12:02:23.901796, AVA/USDT (06.07 11:00 | 2h) - RSI: 45.24 âšª
2025-07-06 12:02:23.901803, SEI/USDT (06.07 11:00 | 2h) - RSI: 48.02 âšª
2025-07-06 12:02:23.901809, JELLYJELLY/USDT (06.07 11:00 | 2h) - RSI: 49.38 âšª
2025-07-06 12:05:01.044336, QNT/USDT (05.07 03:00 | 34h) - RSI: 49.59 âšª
2025-07-06 12:05:01.044375, HYPE/USDT (04.07 18:00 | 43h) - RSI: 40.00 âšª
2025-07-06 12:05:01.044382, BID/USDT (05.07 01:00 | 36h) - RSI: 68.78 âšª
2025-07-06 12:05:01.044387, SPX/USDT (05.07 23:00 | 14h) - RSI: 39.29 âšª
2025-07-06 12:05:01.044391, MKR/USDT (04.07 13:00 | 48h) - RSI: 36.95 âšª
2025-07-06 12:05:01.044396, AAVE/USDT (04.07 20:00 | 41h) - RSI: 31.22 âšª
2025-07-06 12:05:01.044400, BNT/USDT (05.07 04:00 | 33h) - RSI: 53.97 âšª
2025-07-06 12:05:01.044404, JST/USDT (05.07 11:00 | 26h) - RSI: 56.16 âšª
2025-07-06 12:05:01.044408, CAKE/USDT (04.07 11:00 | 50h) - RSI: 42.86 âšª
2025-07-06 12:05:01.044411, KAVA/USDT (04.07 19:00 | 42h) - RSI: 62.96 âšª
2025-07-06 12:05:01.044416, CHEEMS/USDT (04.07 19:00 | 42h) - RSI: 45.04 âšª
2025-07-06 12:05:01.044420, NEIROETH/USDT (06.07 08:00 | 5h) - RSI: 46.04 âšª
2025-07-06 12:05:01.044424, SUN/USDT (05.07 02:00 | 35h) - RSI: 51.34 âšª
2025-07-06 12:05:01.044427, PENDLE/USDT (04.07 13:00 | 48h) - RSI: 40.38 âšª
2025-07-06 12:05:01.044431, AVA/USDT (04.07 22:00 | 39h) - RSI: 46.48 âšª
2025-07-06 12:05:01.044435, SEI/USDT (01.07 06:00 | 127h) - RSI: 47.75 âšª
2025-07-06 12:05:01.044439, JELLYJELLY/USDT (27.06 09:00 | 220h) - RSI: 48.57 âšª
2025-07-06 12:06:40.732944, JELLYJELLY/USDT (27.06 09:00 | 220h) - RSI: 47.79 âšª
2025-07-06 12:06:40.732984, SEI/USDT (01.07 06:00 | 127h) - RSI: 48.02 âšª
2025-07-06 12:06:40.732991, CAKE/USDT (04.07 11:00 | 50h) - RSI: 42.25 âšª
2025-07-06 12:06:40.732997, MKR/USDT (04.07 13:00 | 48h) - RSI: 36.91 âšª
2025-07-06 12:06:40.733006, PENDLE/USDT (04.07 13:00 | 48h) - RSI: 39.62 âšª
2025-07-06 12:06:40.733028, HYPE/USDT (04.07 18:00 | 43h) - RSI: 40.37 âšª
2025-07-06 12:06:40.733034, KAVA/USDT (04.07 19:00 | 42h) - RSI: 62.41 âšª
2025-07-06 12:06:40.733038, CHEEMS/USDT (04.07 19:00 | 42h) - RSI: 44.80 âšª
2025-07-06 12:06:40.733042, AAVE/USDT (04.07 20:00 | 41h) - RSI: 31.50 âšª
2025-07-06 12:06:40.733046, AVA/USDT (04.07 22:00 | 39h) - RSI: 45.97 âšª
2025-07-06 12:06:40.733050, BID/USDT (05.07 01:00 | 36h) - RSI: 70.06 ðŸ”´
2025-07-06 12:06:40.733054, SUN/USDT (05.07 02:00 | 35h) - RSI: 51.78 âšª
2025-07-06 12:06:40.733059, QNT/USDT (05.07 03:00 | 34h) - RSI: 49.39 âšª
2025-07-06 12:06:40.733063, BNT/USDT (05.07 04:00 | 33h) - RSI: 53.78 âšª
2025-07-06 12:06:40.733066, JST/USDT (05.07 11:00 | 26h) - RSI: 57.89 âšª
2025-07-06 12:06:40.733070, SPX/USDT (05.07 23:00 | 14h) - RSI: 37.84 âšª
2025-07-06 12:06:40.733074, NEIROETH/USDT (06.07 08:00 | 5h) - RSI: 46.04 âšª
2025-07-06 12:26:11.400792, JELLYJELLY/USDT (27.06 09:00 | 220h) - RSI: 45.77 âšª
2025-07-06 12:26:11.400845, SEI/USDT (01.07 06:00 | 127h) - RSI: 49.72 âšª
2025-07-06 12:26:11.400855, CAKE/USDT (04.07 11:00 | 50h) - RSI: 42.86 âšª
2025-07-06 12:26:11.400863, MKR/USDT (04.07 13:00 | 48h) - RSI: 36.60 âšª
2025-07-06 12:26:11.400870, PENDLE/USDT (04.07 13:00 | 48h) - RSI: 39.37 âšª
2025-07-06 12:26:11.400877, HYPE/USDT (04.07 18:00 | 43h) - RSI: 37.61 âšª
2025-07-06 12:26:11.400884, KAVA/USDT (04.07 19:00 | 42h) - RSI: 62.69 âšª
2025-07-06 12:26:11.400892, CHEEMS/USDT (04.07 19:00 | 42h) - RSI: 48.39 âšª
2025-07-06 12:26:11.400899, AAVE/USDT (04.07 20:00 | 41h) - RSI: 29.80 ðŸŸ¢
2025-07-06 12:26:11.400906, AVA/USDT (04.07 22:00 | 39h) - RSI: 42.04 âšª
2025-07-06 12:26:11.400913, BID/USDT (05.07 01:00 | 36h) - RSI: 68.78 âšª
2025-07-06 12:26:11.400919, SUN/USDT (05.07 02:00 | 35h) - RSI: 52.75 âšª
2025-07-06 12:26:11.400926, QNT/USDT (05.07 03:00 | 34h) - RSI: 48.61 âšª
2025-07-06 12:26:11.400933, BNT/USDT (05.07 04:00 | 33h) - RSI: 50.21 âšª
2025-07-06 12:26:11.400940, JST/USDT (05.07 11:00 | 26h) - RSI: 62.35 âšª
2025-07-06 12:26:11.400946, SPX/USDT (05.07 23:00 | 14h) - RSI: 37.84 âšª
2025-07-06 12:26:11.400952, NEIROETH/USDT (06.07 08:00 | 5h) - RSI: 46.04 âšª
2025-07-06 12:41:15.113209, JELLYJELLY/USDT (27.06 09:00 | 220h) - RSI: 47.18 âšª
2025-07-06 12:41:15.113266, SEI/USDT (01.07 06:00 | 127h) - RSI: 52.85 âšª
2025-07-06 12:41:15.113279, CAKE/USDT (04.07 11:00 | 50h) - RSI: 48.00 âšª
2025-07-06 12:41:15.113288, MKR/USDT (04.07 13:00 | 48h) - RSI: 39.56 âšª
2025-07-06 12:41:15.113293, PENDLE/USDT (04.07 13:00 | 48h) - RSI: 44.10 âšª
2025-07-06 12:41:15.113298, HYPE/USDT (04.07 18:00 | 43h) - RSI: 39.64 âšª
2025-07-06 12:41:15.113302, KAVA/USDT (04.07 19:00 | 42h) - RSI: 61.48 âšª
2025-07-06 12:41:15.113306, CHEEMS/USDT (04.07 19:00 | 42h) - RSI: 47.72 âšª
2025-07-06 12:41:15.113310, AAVE/USDT (04.07 20:00 | 41h) - RSI: 34.23 âšª
2025-07-06 12:41:15.113314, AVA/USDT (04.07 22:00 | 39h) - RSI: 46.98 âšª
2025-07-06 12:41:15.113318, BID/USDT (05.07 01:00 | 36h) - RSI: 69.80 âšª
2025-07-06 12:41:15.113322, SUN/USDT (05.07 02:00 | 35h) - RSI: 54.47 âšª
2025-07-06 12:41:15.113326, QNT/USDT (05.07 03:00 | 34h) - RSI: 50.41 âšª
2025-07-06 12:41:15.113330, BNT/USDT (05.07 04:00 | 33h) - RSI: 54.51 âšª
2025-07-06 12:41:15.113333, JST/USDT (05.07 11:00 | 26h) - RSI: 60.98 âšª
2025-07-06 12:41:15.113337, SPX/USDT (05.07 23:00 | 14h) - RSI: 48.12 âšª
2025-07-06 12:41:15.113341, NEIROETH/USDT (06.07 08:00 | 5h) - RSI: 54.50 âšª
2025-07-06 12:44:54.932534, MKR/USDT (05.07 14:00 | 23h) - RSI: 40.44 âšª
2025-07-06 12:44:54.932584, NEIROETH/USDT (05.07 15:00 | 22h) - RSI: 54.50 âšª
2025-07-06 12:44:54.932594, PENDLE/USDT (05.07 16:00 | 21h) - RSI: 44.44 âšª
2025-07-06 12:44:54.932601, CAKE/USDT (05.07 17:00 | 20h) - RSI: 48.00 âšª
2025-07-06 12:44:54.932608, FARTCOIN/USDT (05.07 17:00 | 20h) - RSI: 36.54 âšª
2025-07-06 12:44:54.932615, SPX/USDT (05.07 18:00 | 19h) - RSI: 47.04 âšª
2025-07-06 12:44:54.932622, QNT/USDT (05.07 20:00 | 17h) - RSI: 51.90 âšª
2025-07-06 12:44:54.932628, SUN/USDT (05.07 20:00 | 17h) - RSI: 54.60 âšª
2025-07-06 12:44:54.932635, JELLYJELLY/USDT (05.07 20:00 | 17h) - RSI: 46.76 âšª
2025-07-06 12:44:54.932641, CHEEMS/USDT (06.07 02:00 | 11h) - RSI: 48.39 âšª
2025-07-06 12:44:54.932648, HYPE/USDT (06.07 05:00 | 8h) - RSI: 42.06 âšª
2025-07-06 12:44:54.932655, SYRUP/USDT (06.07 07:00 | 6h) - RSI: 37.46 âšª
2025-07-06 12:44:54.932661, AAVE/USDT (06.07 09:00 | 4h) - RSI: 34.38 âšª
2025-07-06 12:44:54.932667, JST/USDT (06.07 09:00 | 4h) - RSI: 60.49 âšª
2025-07-06 12:44:54.932674, SEI/USDT (06.07 11:00 | 2h) - RSI: 53.09 âšª
2025-07-06 12:45:58.791254, MKR/USDT (05.07 14:00 | 23h) - RSI: 40.56 âšª
2025-07-06 12:45:58.791294, NEIROETH/USDT (05.07 15:00 | 22h) - RSI: 54.50 âšª
2025-07-06 12:45:58.791307, PENDLE/USDT (05.07 16:00 | 21h) - RSI: 44.79 âšª
2025-07-06 12:45:58.791316, CAKE/USDT (05.07 17:00 | 20h) - RSI: 49.35 âšª
2025-07-06 12:45:58.791333, FARTCOIN/USDT (05.07 17:00 | 20h) - RSI: 36.49 âšª
2025-07-06 12:45:58.791338, SPX/USDT (05.07 18:00 | 19h) - RSI: 45.39 âšª
2025-07-06 12:45:58.791342, QNT/USDT (05.07 20:00 | 17h) - RSI: 52.30 âšª
2025-07-06 12:45:58.791346, SUN/USDT (05.07 20:00 | 17h) - RSI: 54.60 âšª
2025-07-06 12:45:58.791350, JELLYJELLY/USDT (05.07 20:00 | 17h) - RSI: 46.76 âšª
2025-07-06 12:45:58.791354, CHEEMS/USDT (06.07 02:00 | 11h) - RSI: 47.89 âšª
2025-07-06 12:45:58.791358, HYPE/USDT (06.07 05:00 | 8h) - RSI: 42.59 âšª
2025-07-06 12:45:58.791362, SYRUP/USDT (06.07 07:00 | 6h) - RSI: 37.71 âšª
2025-07-06 12:45:58.791366, AAVE/USDT (06.07 09:00 | 4h) - RSI: 35.02 âšª
2025-07-06 12:45:58.791370, JST/USDT (06.07 09:00 | 4h) - RSI: 60.98 âšª
2025-07-06 12:45:58.791374, SEI/USDT (06.07 11:00 | 2h) - RSI: 54.27 âšª
2025-07-06 12:46:58.573663, MKR/USDT (05.07 14:00 | 23h) - RSI: 40.56 âšª
2025-07-06 12:46:58.573713, NEIROETH/USDT (05.07 15:00 | 22h) - RSI: 54.50 âšª
2025-07-06 12:46:58.573723, PENDLE/USDT (05.07 16:00 | 21h) - RSI: 45.12 âšª
2025-07-06 12:46:58.573732, CAKE/USDT (05.07 17:00 | 20h) - RSI: 49.35 âšª
2025-07-06 12:46:58.573740, FARTCOIN/USDT (05.07 17:00 | 20h) - RSI: 36.91 âšª
2025-07-06 12:46:58.573750, SPX/USDT (05.07 18:00 | 19h) - RSI: 46.35 âšª
2025-07-06 12:46:58.573760, QNT/USDT (05.07 20:00 | 17h) - RSI: 52.70 âšª
2025-07-06 12:46:58.573768, SUN/USDT (05.07 20:00 | 17h) - RSI: 54.21 âšª
2025-07-06 12:46:58.573777, JELLYJELLY/USDT (05.07 20:00 | 17h) - RSI: 46.99 âšª
2025-07-06 12:46:58.573785, CHEEMS/USDT (06.07 02:00 | 11h) - RSI: 47.62 âšª
2025-07-06 12:46:58.573794, HYPE/USDT (06.07 05:00 | 8h) - RSI: 43.12 âšª
2025-07-06 12:46:58.573803, SYRUP/USDT (06.07 07:00 | 6h) - RSI: 38.26 âšª
2025-07-06 12:46:58.573812, AAVE/USDT (06.07 09:00 | 4h) - RSI: 35.46 âšª
2025-07-06 12:46:58.573817, JST/USDT (06.07 09:00 | 4h) - RSI: 60.98 âšª
2025-07-06 12:46:58.573821, SEI/USDT (06.07 11:00 | 2h) - RSI: 54.95 âšª
2025-07-06 12:47:58.681358, MKR/USDT (05.07 14:00 | 23h) - RSI: 41.05 âšª
2025-07-06 12:47:58.681407, NEIROETH/USDT (05.07 15:00 | 22h) - RSI: 54.50 âšª
2025-07-06 12:47:58.681418, PENDLE/USDT (05.07 16:00 | 21h) - RSI: 45.78 âšª
2025-07-06 12:47:58.681426, CAKE/USDT (05.07 17:00 | 20h) - RSI: 49.35 âšª
2025-07-06 12:47:58.681433, FARTCOIN/USDT (05.07 17:00 | 20h) - RSI: 39.81 âšª
2025-07-06 12:47:58.681441, SPX/USDT (05.07 18:00 | 19h) - RSI: 48.00 âšª
2025-07-06 12:47:58.681448, QNT/USDT (05.07 20:00 | 17h) - RSI: 52.50 âšª
2025-07-06 12:47:58.681455, SUN/USDT (05.07 20:00 | 17h) - RSI: 54.34 âšª
2025-07-06 12:47:58.681463, JELLYJELLY/USDT (05.07 20:00 | 17h) - RSI: 46.90 âšª
2025-07-06 12:47:58.681471, CHEEMS/USDT (06.07 02:00 | 11h) - RSI: 48.16 âšª
2025-07-06 12:47:58.681478, HYPE/USDT (06.07 05:00 | 8h) - RSI: 43.12 âšª
2025-07-06 12:47:58.681486, SYRUP/USDT (06.07 07:00 | 6h) - RSI: 38.59 âšª
2025-07-06 12:47:58.681494, AAVE/USDT (06.07 09:00 | 4h) - RSI: 37.71 âšª
2025-07-06 12:47:58.681501, JST/USDT (06.07 09:00 | 4h) - RSI: 60.98 âšª
2025-07-06 12:47:58.681509, SEI/USDT (06.07 11:00 | 2h) - RSI: 55.39 âšª
2025-07-06 12:48:58.748260, MKR/USDT (05.07 14:00 | 23h) - RSI: 41.35 âšª
2025-07-06 12:48:58.748311, NEIROETH/USDT (05.07 15:00 | 22h) - RSI: 54.50 âšª
2025-07-06 12:48:58.748322, PENDLE/USDT (05.07 16:00 | 21h) - RSI: 45.45 âšª
2025-07-06 12:48:58.748328, CAKE/USDT (05.07 17:00 | 20h) - RSI: 49.35 âšª
2025-07-06 12:48:58.748337, FARTCOIN/USDT (05.07 17:00 | 20h) - RSI: 40.61 âšª
2025-07-06 12:48:58.748345, SPX/USDT (05.07 18:00 | 19h) - RSI: 48.24 âšª
2025-07-06 12:48:58.748350, QNT/USDT (05.07 20:00 | 17h) - RSI: 53.37 âšª
2025-07-06 12:48:58.748354, SUN/USDT (05.07 20:00 | 17h) - RSI: 54.47 âšª
2025-07-06 12:48:58.748358, JELLYJELLY/USDT (05.07 20:00 | 17h) - RSI: 47.13 âšª
2025-07-06 12:48:58.748362, CHEEMS/USDT (06.07 02:00 | 11h) - RSI: 48.43 âšª
2025-07-06 12:48:58.748367, HYPE/USDT (06.07 05:00 | 8h) - RSI: 44.14 âšª
2025-07-06 12:48:58.748370, SYRUP/USDT (06.07 07:00 | 6h) - RSI: 39.32 âšª
2025-07-06 12:48:58.748374, AAVE/USDT (06.07 09:00 | 4h) - RSI: 37.80 âšª
2025-07-06 12:48:58.748378, JST/USDT (06.07 09:00 | 4h) - RSI: 60.98 âšª
2025-07-06 12:48:58.748382, SEI/USDT (06.07 11:00 | 2h) - RSI: 55.17 âšª
2025-07-06 12:49:48.699061, MKR/USDT (05.07 14:00 | 23h) - RSI: 40.56 âšª
2025-07-06 12:49:48.699113, NEIROETH/USDT (05.07 15:00 | 22h) - RSI: 54.50 âšª
2025-07-06 12:49:48.699126, PENDLE/USDT (05.07 16:00 | 21h) - RSI: 45.12 âšª
2025-07-06 12:49:48.699134, CAKE/USDT (05.07 17:00 | 20h) - RSI: 49.35 âšª
2025-07-06 12:49:48.699142, FARTCOIN/USDT (05.07 17:00 | 20h) - RSI: 40.38 âšª
2025-07-06 12:49:48.699165, SPX/USDT (05.07 18:00 | 19h) - RSI: 49.28 âšª
2025-07-06 12:49:48.699178, QNT/USDT (05.07 20:00 | 17h) - RSI: 53.18 âšª
2025-07-06 12:49:48.699187, SUN/USDT (05.07 20:00 | 17h) - RSI: 54.60 âšª
2025-07-06 12:49:48.699196, JELLYJELLY/USDT (05.07 20:00 | 17h) - RSI: 47.32 âšª
2025-07-06 12:49:48.699204, CHEEMS/USDT (06.07 02:00 | 11h) - RSI: 47.92 âšª
2025-07-06 12:49:48.699211, HYPE/USDT (06.07 05:00 | 8h) - RSI: 45.61 âšª
2025-07-06 12:49:48.699218, SYRUP/USDT (06.07 07:00 | 6h) - RSI: 39.07 âšª
2025-07-06 12:49:48.699224, AAVE/USDT (06.07 09:00 | 4h) - RSI: 37.07 âšª
2025-07-06 12:49:48.699232, JST/USDT (06.07 09:00 | 4h) - RSI: 60.98 âšª
2025-07-06 12:49:48.699240, SEI/USDT (06.07 11:00 | 2h) - RSI: 54.95 âšª
2025-07-06 12:50:52.289570, MKR/USDT (05.07 14:00 | 23h) - RSI: 41.05 âšª
2025-07-06 12:50:52.289620, NEIROETH/USDT (05.07 15:00 | 22h) - RSI: 54.50 âšª
2025-07-06 12:50:52.289630, PENDLE/USDT (05.07 16:00 | 21h) - RSI: 45.45 âšª
2025-07-06 12:50:52.289636, CAKE/USDT (05.07 17:00 | 20h) - RSI: 50.00 âšª
2025-07-06 12:50:52.289640, FARTCOIN/USDT (05.07 17:00 | 20h) - RSI: 40.54 âšª
2025-07-06 12:50:52.289644, SPX/USDT (05.07 18:00 | 19h) - RSI: 48.00 âšª
2025-07-06 12:50:52.289648, QNT/USDT (05.07 20:00 | 17h) - RSI: 53.66 âšª
2025-07-06 12:50:52.289652, SUN/USDT (05.07 20:00 | 17h) - RSI: 54.21 âšª
2025-07-06 12:50:52.289656, JELLYJELLY/USDT (05.07 20:00 | 17h) - RSI: 47.08 âšª
2025-07-06 12:50:52.289660, CHEEMS/USDT (06.07 02:00 | 11h) - RSI: 47.65 âšª
2025-07-06 12:50:52.289664, HYPE/USDT (06.07 05:00 | 8h) - RSI: 45.13 âšª
2025-07-06 12:50:52.289668, SYRUP/USDT (06.07 07:00 | 6h) - RSI: 38.40 âšª
2025-07-06 12:50:52.289672, AAVE/USDT (06.07 09:00 | 4h) - RSI: 37.07 âšª
2025-07-06 12:50:52.289676, JST/USDT (06.07 09:00 | 4h) - RSI: 60.98 âšª
2025-07-06 12:50:52.289684, SEI/USDT (06.07 11:00 | 2h) - RSI: 54.73 âšª
2025-07-06 12:51:52.768936, MKR/USDT (05.07 14:00 | 23h) - RSI: 41.05 âšª
2025-07-06 12:51:52.768991, NEIROETH/USDT (05.07 15:00 | 22h) - RSI: 54.50 âšª
2025-07-06 12:51:52.769010, PENDLE/USDT (05.07 16:00 | 21h) - RSI: 45.12 âšª
2025-07-06 12:51:52.769021, CAKE/USDT (05.07 17:00 | 20h) - RSI: 48.68 âšª
2025-07-06 12:51:52.769029, FARTCOIN/USDT (05.07 17:00 | 20h) - RSI: 39.16 âšª
2025-07-06 12:51:52.769039, SPX/USDT (05.07 18:00 | 19h) - RSI: 45.58 âšª
2025-07-06 12:51:52.769048, QNT/USDT (05.07 20:00 | 17h) - RSI: 52.50 âšª
2025-07-06 12:51:52.769058, SUN/USDT (05.07 20:00 | 17h) - RSI: 54.60 âšª
2025-07-06 12:51:52.769067, JELLYJELLY/USDT (05.07 20:00 | 17h) - RSI: 46.80 âšª
2025-07-06 12:51:52.769076, CHEEMS/USDT (06.07 02:00 | 11h) - RSI: 47.65 âšª
2025-07-06 12:51:52.769083, HYPE/USDT (06.07 05:00 | 8h) - RSI: 45.13 âšª
2025-07-06 12:51:52.769093, SYRUP/USDT (06.07 07:00 | 6h) - RSI: 38.56 âšª
2025-07-06 12:51:52.769102, AAVE/USDT (06.07 09:00 | 4h) - RSI: 36.98 âšª
2025-07-06 12:51:52.769111, SEI/USDT (06.07 11:00 | 2h) - RSI: 54.73 âšª
2025-07-06 12:52:52.463413, MKR/USDT (05.07 14:00 | 23h) - RSI: 40.87 âšª
2025-07-06 12:52:52.463460, NEIROETH/USDT (05.07 15:00 | 22h) - RSI: 54.50 âšª
2025-07-06 12:52:52.463468, PENDLE/USDT (05.07 16:00 | 21h) - RSI: 44.10 âšª
2025-07-06 12:52:52.463474, CAKE/USDT (05.07 17:00 | 20h) - RSI: 48.00 âšª
2025-07-06 12:52:52.463478, FARTCOIN/USDT (05.07 17:00 | 20h) - RSI: 37.89 âšª
2025-07-06 12:52:52.463482, SPX/USDT (05.07 18:00 | 19h) - RSI: 46.48 âšª
2025-07-06 12:52:52.463486, QNT/USDT (05.07 20:00 | 17h) - RSI: 52.20 âšª
2025-07-06 12:52:52.463490, SUN/USDT (05.07 20:00 | 17h) - RSI: 54.47 âšª
2025-07-06 12:52:52.463498, JELLYJELLY/USDT (05.07 20:00 | 17h) - RSI: 44.82 âšª
2025-07-06 12:52:52.463508, CHEEMS/USDT (06.07 02:00 | 11h) - RSI: 46.82 âšª
2025-07-06 12:52:52.463514, HYPE/USDT (06.07 05:00 | 8h) - RSI: 43.12 âšª
2025-07-06 12:52:52.463518, SYRUP/USDT (06.07 07:00 | 6h) - RSI: 38.33 âšª
2025-07-06 12:52:52.463522, AAVE/USDT (06.07 09:00 | 4h) - RSI: 36.65 âšª
2025-07-06 12:52:52.463527, SEI/USDT (06.07 11:00 | 2h) - RSI: 53.33 âšª
2025-07-06 12:53:37.931732, MKR/USDT (05.07 14:00 | 23h) - RSI: 40.87 âšª
2025-07-06 12:53:37.931779, NEIROETH/USDT (05.07 15:00 | 22h) - RSI: 54.50 âšª
2025-07-06 12:53:37.931790, PENDLE/USDT (05.07 16:00 | 21h) - RSI: 43.75 âšª
2025-07-06 12:53:37.931798, CAKE/USDT (05.07 17:00 | 20h) - RSI: 48.68 âšª
2025-07-06 12:53:37.931805, FARTCOIN/USDT (05.07 17:00 | 20h) - RSI: 37.81 âšª
2025-07-06 12:53:37.931813, SPX/USDT (05.07 18:00 | 19h) - RSI: 45.58 âšª
2025-07-06 12:53:37.931821, QNT/USDT (05.07 20:00 | 17h) - RSI: 52.20 âšª
2025-07-06 12:53:37.931828, SUN/USDT (05.07 20:00 | 17h) - RSI: 54.08 âšª
2025-07-06 12:53:37.931835, JELLYJELLY/USDT (05.07 20:00 | 17h) - RSI: 44.99 âšª
2025-07-06 12:53:37.931843, CHEEMS/USDT (06.07 02:00 | 11h) - RSI: 46.82 âšª
2025-07-06 12:53:37.931850, HYPE/USDT (06.07 05:00 | 8h) - RSI: 44.14 âšª
2025-07-06 12:53:37.931858, SYRUP/USDT (06.07 07:00 | 6h) - RSI: 38.59 âšª
2025-07-06 12:53:37.931866, AAVE/USDT (06.07 09:00 | 4h) - RSI: 37.44 âšª
2025-07-06 12:53:37.931881, SEI/USDT (06.07 11:00 | 2h) - RSI: 53.33 âšª
2025-07-06 12:54:42.191939, MKR/USDT (05.07 14:00 | 23h) - RSI: 40.81 âšª
2025-07-06 12:54:42.191979, NEIROETH/USDT (05.07 15:00 | 22h) - RSI: 54.50 âšª
2025-07-06 12:54:42.191992, PENDLE/USDT (05.07 16:00 | 21h) - RSI: 46.11 âšª
2025-07-06 12:54:42.192002, CAKE/USDT (05.07 17:00 | 20h) - RSI: 50.00 âšª
2025-07-06 12:54:42.192009, FARTCOIN/USDT (05.07 17:00 | 20h) - RSI: 37.31 âšª
2025-07-06 12:54:42.192014, SPX/USDT (05.07 18:00 | 19h) - RSI: 45.26 âšª
2025-07-06 12:54:42.192018, QNT/USDT (05.07 20:00 | 17h) - RSI: 54.67 âšª
2025-07-06 12:54:42.192022, SUN/USDT (05.07 20:00 | 17h) - RSI: 54.47 âšª
2025-07-06 12:54:42.192026, JELLYJELLY/USDT (05.07 20:00 | 17h) - RSI: 45.38 âšª
2025-07-06 12:54:42.192030, CHEEMS/USDT (06.07 02:00 | 11h) - RSI: 47.41 âšª
2025-07-06 12:54:42.192034, HYPE/USDT (06.07 05:00 | 8h) - RSI: 44.14 âšª
2025-07-06 12:54:42.192037, SYRUP/USDT (06.07 07:00 | 6h) - RSI: 38.95 âšª
2025-07-06 12:54:42.192041, AAVE/USDT (06.07 09:00 | 4h) - RSI: 37.62 âšª
2025-07-06 12:54:42.192045, SEI/USDT (06.07 11:00 | 2h) - RSI: 53.81 âšª
2025-07-06 12:55:41.638305, MKR/USDT (05.07 14:00 | 23h) - RSI: 41.59 âšª
2025-07-06 12:55:41.638351, NEIROETH/USDT (05.07 15:00 | 22h) - RSI: 54.50 âšª
2025-07-06 12:55:41.638360, PENDLE/USDT (05.07 16:00 | 21h) - RSI: 47.06 âšª
2025-07-06 12:55:41.638376, CAKE/USDT (05.07 17:00 | 20h) - RSI: 50.63 âšª
2025-07-06 12:55:41.638386, FARTCOIN/USDT (05.07 17:00 | 20h) - RSI: 39.13 âšª
2025-07-06 12:55:41.638395, SPX/USDT (05.07 18:00 | 19h) - RSI: 46.16 âšª
2025-07-06 12:55:41.638404, QNT/USDT (05.07 20:00 | 17h) - RSI: 54.67 âšª
2025-07-06 12:55:41.638412, SUN/USDT (05.07 20:00 | 17h) - RSI: 53.95 âšª
2025-07-06 12:55:41.638421, JELLYJELLY/USDT (05.07 20:00 | 17h) - RSI: 44.36 âšª
2025-07-06 12:55:41.638429, CHEEMS/USDT (06.07 02:00 | 11h) - RSI: 47.76 âšª
2025-07-06 12:55:41.638438, HYPE/USDT (06.07 05:00 | 8h) - RSI: 45.13 âšª
2025-07-06 12:55:41.638446, SYRUP/USDT (06.07 07:00 | 6h) - RSI: 39.29 âšª
2025-07-06 12:55:41.638455, AAVE/USDT (06.07 09:00 | 4h) - RSI: 37.71 âšª
2025-07-06 12:55:41.638464, SEI/USDT (06.07 11:00 | 2h) - RSI: 54.50 âšª
2025-07-06 12:56:41.589709, MKR/USDT (05.07 14:00 | 23h) - RSI: 41.47 âšª
2025-07-06 12:56:41.589753, NEIROETH/USDT (05.07 15:00 | 22h) - RSI: 54.50 âšª
2025-07-06 12:56:41.589765, PENDLE/USDT (05.07 16:00 | 21h) - RSI: 46.43 âšª
2025-07-06 12:56:41.589774, CAKE/USDT (05.07 17:00 | 20h) - RSI: 50.63 âšª
2025-07-06 12:56:41.589789, FARTCOIN/USDT (05.07 17:00 | 20h) - RSI: 39.15 âšª
2025-07-06 12:56:41.589793, SPX/USDT (05.07 18:00 | 19h) - RSI: 47.77 âšª
2025-07-06 12:56:41.589797, QNT/USDT (05.07 20:00 | 17h) - RSI: 54.67 âšª
2025-07-06 12:56:41.589801, SUN/USDT (05.07 20:00 | 17h) - RSI: 55.46 âšª
2025-07-06 12:56:41.589805, JELLYJELLY/USDT (05.07 20:00 | 17h) - RSI: 45.08 âšª
2025-07-06 12:56:41.589813, CHEEMS/USDT (06.07 02:00 | 11h) - RSI: 46.89 âšª
2025-07-06 12:56:41.589821, HYPE/USDT (06.07 05:00 | 8h) - RSI: 46.09 âšª
2025-07-06 12:56:41.589829, SYRUP/USDT (06.07 07:00 | 6h) - RSI: 39.43 âšª
2025-07-06 12:56:41.589836, AAVE/USDT (06.07 09:00 | 4h) - RSI: 38.07 âšª
2025-07-06 12:56:41.589844, SEI/USDT (06.07 11:00 | 2h) - RSI: 54.50 âšª
2025-07-06 12:57:41.528746, MKR/USDT (05.07 14:00 | 23h) - RSI: 41.59 âšª
2025-07-06 12:57:41.528788, NEIROETH/USDT (05.07 15:00 | 22h) - RSI: 54.50 âšª
2025-07-06 12:57:41.528794, PENDLE/USDT (05.07 16:00 | 21h) - RSI: 46.43 âšª
2025-07-06 12:57:41.528799, CAKE/USDT (05.07 17:00 | 20h) - RSI: 50.63 âšª
2025-07-06 12:57:41.528803, FARTCOIN/USDT (05.07 17:00 | 20h) - RSI: 38.09 âšª
2025-07-06 12:57:41.528807, SPX/USDT (05.07 18:00 | 19h) - RSI: 47.16 âšª
2025-07-06 12:57:41.528811, QNT/USDT (05.07 20:00 | 17h) - RSI: 54.67 âšª
2025-07-06 12:57:41.528826, SUN/USDT (05.07 20:00 | 17h) - RSI: 55.46 âšª
2025-07-06 12:57:41.528831, JELLYJELLY/USDT (05.07 20:00 | 17h) - RSI: 45.38 âšª
2025-07-06 12:57:41.528835, CHEEMS/USDT (06.07 02:00 | 11h) - RSI: 46.64 âšª
2025-07-06 12:57:41.528839, HYPE/USDT (06.07 05:00 | 8h) - RSI: 46.09 âšª
2025-07-06 12:57:41.528843, SYRUP/USDT (06.07 07:00 | 6h) - RSI: 39.43 âšª
2025-07-06 12:57:41.528847, AAVE/USDT (06.07 09:00 | 4h) - RSI: 38.07 âšª
2025-07-06 12:57:41.528851, SEI/USDT (06.07 11:00 | 2h) - RSI: 54.50 âšª
2025-07-06 12:58:41.704581, MKR/USDT (05.07 14:00 | 23h) - RSI: 41.53 âšª
2025-07-06 12:58:41.704632, NEIROETH/USDT (05.07 15:00 | 22h) - RSI: 54.50 âšª
2025-07-06 12:58:41.704644, PENDLE/USDT (05.07 16:00 | 21h) - RSI: 46.11 âšª
2025-07-06 12:58:41.704653, CAKE/USDT (05.07 17:00 | 20h) - RSI: 51.25 âšª
2025-07-06 12:58:41.704662, FARTCOIN/USDT (05.07 17:00 | 20h) - RSI: 39.66 âšª
2025-07-06 12:58:41.704670, SPX/USDT (05.07 18:00 | 19h) - RSI: 48.76 âšª
2025-07-06 12:58:41.704679, QNT/USDT (05.07 20:00 | 17h) - RSI: 54.22 âšª
2025-07-06 12:58:41.704687, SUN/USDT (05.07 20:00 | 17h) - RSI: 55.95 âšª
2025-07-06 12:58:41.704696, JELLYJELLY/USDT (05.07 20:00 | 17h) - RSI: 44.86 âšª
2025-07-06 12:58:41.704704, CHEEMS/USDT (06.07 02:00 | 11h) - RSI: 46.36 âšª
2025-07-06 12:58:41.704712, HYPE/USDT (06.07 05:00 | 8h) - RSI: 49.59 âšª
2025-07-06 12:58:41.704720, SYRUP/USDT (06.07 07:00 | 6h) - RSI: 38.95 âšª
2025-07-06 12:58:41.704728, AAVE/USDT (06.07 09:00 | 4h) - RSI: 37.93 âšª
2025-07-06 12:58:41.704737, SEI/USDT (06.07 11:00 | 2h) - RSI: 54.27 âšª
2025-07-06 13:00:07.929850, NEIROETH/USDT (05.07 15:00 | 23h) - RSI: 55.64 âšª
2025-07-06 13:00:07.929893, PENDLE/USDT (05.07 16:00 | 22h) - RSI: 47.24 âšª
2025-07-06 13:00:07.929906, CAKE/USDT (05.07 17:00 | 21h) - RSI: 53.85 âšª
2025-07-06 13:00:07.929914, FARTCOIN/USDT (05.07 17:00 | 21h) - RSI: 40.73 âšª
2025-07-06 13:00:07.929919, SPX/USDT (05.07 18:00 | 20h) - RSI: 52.60 âšª
2025-07-06 13:00:07.929923, QNT/USDT (05.07 20:00 | 18h) - RSI: 53.18 âšª
2025-07-06 13:00:07.929927, SUN/USDT (05.07 20:00 | 18h) - RSI: 53.69 âšª
2025-07-06 13:00:07.929936, JELLYJELLY/USDT (05.07 20:00 | 18h) - RSI: 45.07 âšª
2025-07-06 13:00:07.929940, CHEEMS/USDT (06.07 02:00 | 12h) - RSI: 41.60 âšª
2025-07-06 13:00:07.929944, HYPE/USDT (06.07 05:00 | 9h) - RSI: 50.45 âšª
2025-07-06 13:00:07.929947, SYRUP/USDT (06.07 07:00 | 7h) - RSI: 41.65 âšª
2025-07-06 13:00:07.929951, AAVE/USDT (06.07 09:00 | 5h) - RSI: 45.52 âšª
2025-07-06 13:00:07.929955, SEI/USDT (06.07 11:00 | 3h) - RSI: 54.27 âšª
2025-07-06 13:23:47.738620, QNT/USDT (05.07 20:00|18h) RSI:59.4âšª
2025-07-06 13:23:47.738675, SYRUP/USDT (06.07 07:00|7h) RSI:39.9âšª
2025-07-06 13:23:47.738689, HYPE/USDT (06.07 05:00|9h) RSI:54.9âšª
2025-07-06 13:23:47.738698, AAVE/USDT (06.07 09:00|5h) RSI:52.4âšª
2025-07-06 13:23:47.738704, CAKE/USDT (05.07 17:00|21h) RSI:56.8âšª
2025-07-06 13:23:47.738711, CHEEMS/USDT (06.07 02:00|12h) RSI:40.8âšª
2025-07-06 13:23:47.738718, NEIROETH/USDT (05.07 15:00|23h) RSI:60.9âšª
2025-07-06 13:23:47.738724, FARTCOIN/USDT (05.07 17:00|21h) RSI:39.4âšª
2025-07-06 13:23:47.738732, SUN/USDT (05.07 20:00|18h) RSI:55.3âšª
2025-07-06 13:23:47.738741, PENDLE/USDT (05.07 16:00|22h) RSI:50.3âšª
2025-07-06 13:23:47.738749, SEI/USDT (06.07 11:00|3h) RSI:54.7âšª
2025-07-06 13:23:47.738756, JELLYJELLY/USDT (05.07 20:00|18h) RSI:52.1âšª
2025-07-06 13:26:49.507798, QNT/USDT (05.07 20:00|18h) RSI:59.4âšª
2025-07-06 13:26:49.507850, SYRUP/USDT (06.07 07:00|7h) RSI:40.2âšª
2025-07-06 13:26:49.507860, HYPE/USDT (06.07 05:00|9h) RSI:53.0âšª
2025-07-06 13:26:49.507866, SPX/USDT (05.07 18:00|20h) RSI:63.3âšª
2025-07-06 13:26:49.507870, AAVE/USDT (06.07 09:00|5h) RSI:51.4âšª
2025-07-06 13:26:49.507874, CAKE/USDT (05.07 17:00|21h) RSI:56.8âšª
2025-07-06 13:26:49.507879, CHEEMS/USDT (06.07 02:00|12h) RSI:40.4âšª
2025-07-06 13:26:49.507883, NEIROETH/USDT (05.07 15:00|23h) RSI:60.9âšª
2025-07-06 13:26:49.507887, FARTCOIN/USDT (05.07 17:00|21h) RSI:41.6âšª
2025-07-06 13:26:49.507891, SUN/USDT (05.07 20:00|18h) RSI:55.2âšª
2025-07-06 13:26:49.507895, PENDLE/USDT (05.07 16:00|22h) RSI:48.8âšª
2025-07-06 13:26:49.507899, SEI/USDT (06.07 11:00|3h) RSI:53.5âšª
2025-07-06 13:26:49.507903, JELLYJELLY/USDT (05.07 20:00|18h) RSI:52.9âšª
2025-07-06 13:28:57.609836, QNT (05.07 20:00|18h) RSI:59.5âšª
2025-07-06 13:28:57.609881, SYRUP (06.07 07:00|7h) RSI:40.8âšª
2025-07-06 13:28:57.609888, HYPE (06.07 05:00|9h) RSI:53.4âšª
2025-07-06 13:28:57.609893, AAVE (06.07 09:00|5h) RSI:51.8âšª
2025-07-06 13:28:57.609897, CAKE (05.07 17:00|21h) RSI:56.8âšª
2025-07-06 13:28:57.609901, CHEEMS (06.07 02:00|12h) RSI:40.8âšª
2025-07-06 13:28:57.609905, NEIROETH (05.07 15:00|23h) RSI:60.9âšª
2025-07-06 13:28:57.609909, FARTCOIN (05.07 17:00|21h) RSI:40.9âšª
2025-07-06 13:28:57.609913, SUN (05.07 20:00|18h) RSI:55.2âšª
2025-07-06 13:28:57.609916, PENDLE (05.07 16:00|22h) RSI:50.9âšª
2025-07-06 13:28:57.609920, SEI (06.07 11:00|3h) RSI:54.0âšª
2025-07-06 13:28:57.609924, JELLYJELLY (05.07 20:00|18h) RSI:52.6âšª
2025-07-06 13:32:57.656442, QNT (05.07 20:00|18h) RSI:60.8âšª
2025-07-06 13:32:57.656490, SYRUP (06.07 07:00|7h) RSI:43.4âšª
2025-07-06 13:32:57.656500, HYPE (06.07 05:00|9h) RSI:59.9âšª
2025-07-06 13:32:57.656510, AAVE (06.07 09:00|5h) RSI:56.2âšª
2025-07-06 13:32:57.656518, CAKE (05.07 17:00|21h) RSI:59.3âšª
2025-07-06 13:32:57.656525, CHEEMS (06.07 02:00|12h) RSI:40.2âšª
2025-07-06 13:32:57.656534, NEIROETH (05.07 15:00|23h) RSI:63.2âšª
2025-07-06 13:32:57.656542, FARTCOIN (05.07 17:00|21h) RSI:48.1âšª
2025-07-06 13:32:57.656549, SUN (05.07 20:00|18h) RSI:54.8âšª
2025-07-06 13:32:57.656557, SEI (06.07 11:00|3h) RSI:55.6âšª
2025-07-06 13:32:57.656564, JELLYJELLY (05.07 20:00|18h) RSI:59.2âšª
2025-07-06 13:33:57.400661, QNT (05.07 20:00|18h) RSI:62.0âšª
2025-07-06 13:33:57.400699, SYRUP (06.07 07:00|7h) RSI:46.3âšª
2025-07-06 13:33:57.400706, HYPE (06.07 05:00|9h) RSI:59.6âšª
2025-07-06 13:33:57.400711, AAVE (06.07 09:00|5h) RSI:57.2âšª
2025-07-06 13:33:57.400715, CHEEMS (06.07 02:00|12h) RSI:40.2âšª
2025-07-06 13:33:57.400719, NEIROETH (05.07 15:00|23h) RSI:63.2âšª
2025-07-06 13:33:57.400723, FARTCOIN (05.07 17:00|21h) RSI:51.0âšª
2025-07-06 13:33:57.400727, SUN (05.07 20:00|18h) RSI:55.3âšª
2025-07-06 13:33:57.400731, SEI (06.07 11:00|3h) RSI:57.1âšª
2025-07-06 13:33:57.400734, JELLYJELLY (05.07 20:00|18h) RSI:59.4âšª
2025-07-06 13:34:57.497431, QNT (05.07 20:00|18h) RSI:61.1âšª
2025-07-06 13:34:57.497468, SYRUP (06.07 07:00|7h) RSI:48.0âšª
2025-07-06 13:34:57.497475, HYPE (06.07 05:00|9h) RSI:61.5âšª
2025-07-06 13:34:57.497480, AAVE (06.07 09:00|5h) RSI:57.6âšª
2025-07-06 13:34:57.497484, CAKE (05.07 17:00|21h) RSI:60.2âšª
2025-07-06 13:34:57.497488, CHEEMS (06.07 02:00|12h) RSI:40.5âšª
2025-07-06 13:34:57.497502, NEIROETH (05.07 15:00|23h) RSI:63.2âšª
2025-07-06 13:34:57.497506, FARTCOIN (05.07 17:00|21h) RSI:53.1âšª
2025-07-06 13:34:57.497510, SUN (05.07 20:00|18h) RSI:55.2âšª
2025-07-06 13:34:57.497514, SEI (06.07 11:00|3h) RSI:57.9âšª
2025-07-06 13:34:57.497518, JELLYJELLY (05.07 20:00|18h) RSI:59.7âšª
2025-07-06 13:41:58.099747, QNT (05.07 20:00|18h) RSI:62.1âšª
2025-07-06 13:41:58.099790, SYRUP (06.07 07:00|7h) RSI:47.7âšª
2025-07-06 13:41:58.099799, HYPE (06.07 05:00|9h) RSI:60.4âšª
2025-07-06 13:41:58.099806, AAVE (06.07 09:00|5h) RSI:57.2âšª
2025-07-06 13:41:58.099813, CHEEMS (06.07 02:00|12h) RSI:40.7âšª
2025-07-06 13:41:58.099835, NEIROETH (05.07 15:00|23h) RSI:64.4âšª
2025-07-06 13:41:58.099842, FARTCOIN (05.07 17:00|21h) RSI:45.4âšª
2025-07-06 13:41:58.099848, SUN (05.07 20:00|18h) RSI:53.8âšª
2025-07-06 13:41:58.099855, SEI (06.07 11:00|3h) RSI:58.6âšª
2025-07-06 13:41:58.099862, JELLYJELLY (05.07 20:00|18h) RSI:57.8âšª
2025-07-06 13:46:37.973356, FARTCOIN (05.07 17:00|21h) RSI:53.2âšª
2025-07-06 13:46:37.973411, QNT (05.07 20:00|18h) RSI:63.1âšª
2025-07-06 13:46:37.973425, SUN (05.07 20:00|18h) RSI:53.4âšª
2025-07-06 13:46:37.973435, JELLYJELLY (05.07 20:00|18h) RSI:61.2âšª
2025-07-06 13:46:37.973444, CHEEMS (06.07 02:00|12h) RSI:41.1âšª
2025-07-06 13:46:37.973452, HYPE (06.07 05:00|9h) RSI:59.9âšª
2025-07-06 13:46:37.973460, SYRUP (06.07 07:00|7h) RSI:49.4âšª
2025-07-06 13:46:37.973468, AAVE (06.07 09:00|5h) RSI:58.0âšª
2025-07-06 13:46:37.973476, SEI (06.07 11:00|3h) RSI:60.6âšª
2025-07-06 14:32:33.113551, FARTCOIN (05.07 17:00|22h) RSI:58.4âšª
2025-07-06 14:32:33.113601, CHEEMS (06.07 02:00|13h) RSI:39.4âšª
2025-07-06 14:32:33.113612, SYRUP (06.07 07:00|8h) RSI:42.6âšª
2025-07-06 14:32:33.113618, SEI (06.07 11:00|4h) RSI:56.7âšª
2025-07-06 14:41:46.333974, FARTCOIN (05.07 17:00|22h) RSI:54.9âšª
2025-07-06 14:41:46.334028, CHEEMS (06.07 02:00|13h) RSI:39.8âšª
2025-07-06 14:41:46.334042, SYRUP (06.07 07:00|8h) RSI:40.8âšª
2025-07-06 14:41:46.334053, SEI (06.07 11:00|4h) RSI:54.0âšª
2025-07-06 14:41:46.334062, PENGU (06.07 14:00|1h) RSI:32.4âšª
2025-07-06 15:00:46.634067, FARTCOIN (05.07 17:00|23h) RSI:59.4âšª
2025-07-06 15:00:46.634116, CHEEMS (06.07 02:00|14h) RSI:44.1âšª
2025-07-06 15:00:46.634127, SYRUP (06.07 07:00|9h) RSI:45.3âšª
2025-07-06 15:00:46.634135, PENGU (06.07 14:00|2h) RSI:26.6ðŸŸ¢
2025-07-06 15:10:46.535979, FARTCOIN (05.07 17:00|23h) RSI:57.9âšª
2025-07-06 15:10:46.536027, CHEEMS (06.07 02:00|14h) RSI:43.8âšª
2025-07-06 15:10:46.536041, SYRUP (06.07 07:00|9h) RSI:48.6âšª
2025-07-06 15:10:46.536052, SEI (06.07 11:00|5h) RSI:48.0âšª
2025-07-06 15:10:46.536062, PENGU (06.07 14:00|2h) RSI:27.4ðŸŸ¢
2025-07-06 15:15:46.758075, FARTCOIN (05.07 17:00|23h) RSI:55.7âšª
2025-07-06 15:15:46.758128, CHEEMS (06.07 02:00|14h) RSI:45.4âšª
2025-07-06 15:15:46.758141, SYRUP (06.07 07:00|9h) RSI:47.3âšª
2025-07-06 15:15:46.758149, PENGU (06.07 14:00|2h) RSI:27.1ðŸŸ¢
2025-07-06 15:17:46.242144, FARTCOIN (05.07 17:00|23h) RSI:55.7âšª
2025-07-06 15:17:46.242203, CHEEMS (06.07 02:00|14h) RSI:45.9âšª
2025-07-06 15:17:46.242211, SYRUP (06.07 07:00|9h) RSI:48.4âšª
2025-07-06 15:17:46.242216, SEI (06.07 11:00|5h) RSI:48.2âšª
2025-07-06 15:17:46.242221, PENGU (06.07 14:00|2h) RSI:27.1ðŸŸ¢
2025-07-06 15:24:46.275007, FARTCOIN (05.07 17:00|23h) RSI:53.9âšª
2025-07-06 15:24:46.275057, CHEEMS (06.07 02:00|14h) RSI:46.4âšª
2025-07-06 15:24:46.275072, SYRUP (06.07 07:00|9h) RSI:47.0âšª
2025-07-06 15:24:46.275080, PENGU (06.07 14:00|2h) RSI:26.6ðŸŸ¢
2025-07-06 15:26:46.226018, FARTCOIN (05.07 17:00|23h) RSI:54.3âšª
2025-07-06 15:26:46.226070, CHEEMS (06.07 02:00|14h) RSI:46.7âšª
2025-07-06 15:26:46.226083, SYRUP (06.07 07:00|9h) RSI:47.0âšª
2025-07-06 15:26:46.226091, SEI (06.07 11:00|5h) RSI:48.2âšª
2025-07-06 15:26:46.226099, PENGU (06.07 14:00|2h) RSI:26.3ðŸŸ¢
2025-07-06 15:28:46.708864, FARTCOIN (05.07 17:00|23h) RSI:54.3âšª
2025-07-06 15:28:46.708916, CHEEMS (06.07 02:00|14h) RSI:46.3âšª
2025-07-06 15:28:46.708930, SYRUP (06.07 07:00|9h) RSI:47.5âšª
2025-07-06 15:28:46.708940, PENGU (06.07 14:00|2h) RSI:26.1ðŸŸ¢
2025-07-06 15:35:47.449544, FARTCOIN (05.07 17:00|23h) RSI:54.6âšª
2025-07-06 15:35:47.449585, CHEEMS (06.07 02:00|14h) RSI:45.6âšª
2025-07-06 15:35:47.449593, SYRUP (06.07 07:00|9h) RSI:45.8âšª
2025-07-06 15:35:47.449598, SEI (06.07 11:00|5h) RSI:48.2âšª
2025-07-06 15:35:47.449602, PENGU (06.07 14:00|2h) RSI:27.4ðŸŸ¢
2025-07-06 15:36:46.811412, FARTCOIN (05.07 17:00|23h) RSI:53.6âšª
2025-07-06 15:36:46.811466, CHEEMS (06.07 02:00|14h) RSI:46.1âšª
2025-07-06 15:36:46.811480, SYRUP (06.07 07:00|9h) RSI:46.0âšª
2025-07-06 15:36:46.811492, PENGU (06.07 14:00|2h) RSI:26.8ðŸŸ¢
2025-07-06 15:37:46.262225, FARTCOIN (05.07 17:00|23h) RSI:52.9âšª
2025-07-06 15:37:46.262273, CHEEMS (06.07 02:00|14h) RSI:45.9âšª
2025-07-06 15:37:46.262281, SYRUP (06.07 07:00|9h) RSI:45.5âšª
2025-07-06 15:37:46.262286, SEI (06.07 11:00|5h) RSI:48.0âšª
2025-07-06 15:37:46.262291, PENGU (06.07 14:00|2h) RSI:26.5ðŸŸ¢
2025-07-06 15:45:46.738520, FARTCOIN (05.07 17:00|23h) RSI:48.7âšª
2025-07-06 15:45:46.738569, CHEEMS (06.07 02:00|14h) RSI:43.0âšª
2025-07-06 15:45:46.738580, SYRUP (06.07 07:00|9h) RSI:43.1âšª
2025-07-06 15:45:46.738585, PENGU (06.07 14:00|2h) RSI:25.5ðŸŸ¢
2025-07-06 15:47:46.403359, FARTCOIN (05.07 17:00|23h) RSI:48.8âšª
2025-07-06 15:47:46.403413, CHEEMS (06.07 02:00|14h) RSI:42.9âšª
2025-07-06 15:47:46.403426, SYRUP (06.07 07:00|9h) RSI:43.2âšª
2025-07-06 15:47:46.403436, SEI (06.07 11:00|5h) RSI:47.8âšª
2025-07-06 15:47:46.403443, PENGU (06.07 14:00|2h) RSI:25.9ðŸŸ¢
2025-07-06 15:57:46.082123, FARTCOIN (05.07 17:00|23h) RSI:49.4âšª
2025-07-06 15:57:46.082227, CHEEMS (06.07 02:00|14h) RSI:43.8âšª
2025-07-06 15:57:46.082237, SYRUP (06.07 07:00|9h) RSI:42.4âšª
2025-07-06 15:57:46.082243, PENGU (06.07 14:00|2h) RSI:26.0ðŸŸ¢
2025-07-06 16:46:46.357049, CHEEMS (06.07 02:00|15h) RSI:55.7âšª
2025-07-06 16:46:46.357111, SYRUP (06.07 07:00|10h) RSI:52.8âšª
2025-07-06 16:46:46.357125, PENGU (06.07 14:00|3h) RSI:24.5ðŸŸ¢
2025-07-06 16:47:46.211380, FARTCOIN (05.07 17:00|24h) RSI:56.1âšª
2025-07-06 16:47:46.211431, CHEEMS (06.07 02:00|15h) RSI:56.0âšª
2025-07-06 16:47:46.211445, SYRUP (06.07 07:00|10h) RSI:51.8âšª
2025-07-06 16:47:46.211451, PENGU (06.07 14:00|3h) RSI:24.5ðŸŸ¢
2025-07-06 16:50:46.332735, CHEEMS (06.07 02:00|15h) RSI:55.9âšª
2025-07-06 16:50:46.332774, SYRUP (06.07 07:00|10h) RSI:52.2âšª
2025-07-06 16:50:46.332782, PENGU (06.07 14:00|3h) RSI:25.0ðŸŸ¢
2025-07-06 17:00:46.374593, CHEEMS (06.07 02:00|16h) RSI:51.1âšª
2025-07-06 17:00:46.374647, PENGU (06.07 14:00|4h) RSI:25.5ðŸŸ¢
2025-07-06 17:00:46.374679, FUN (06.07 17:00|1h) RSI:40.6âšª
2025-07-06 19:00:46.216602, CHEEMS (06.07 02:00|18h) RSI:47.6âšª
2025-07-06 19:00:46.216655, PENGU (06.07 14:00|6h) RSI:37.2âšª
2025-07-06 19:00:46.216667, FUN (06.07 17:00|3h) RSI:42.0âšª
2025-07-06 19:00:46.216702, PROM (06.07 19:00|1h) RSI:35.8âšª
2025-07-06 19:01:46.066126, CHEEMS (06.07 02:00|18h) RSI:47.8âšª
2025-07-06 19:01:46.066253, PENGU (06.07 14:00|6h) RSI:38.4âšª
2025-07-06 19:01:46.066267, FUN (06.07 17:00|3h) RSI:42.6âšª
2025-07-07 03:35:24.896126, PENGU (06.07 14:00|14h) RSI:34.2âšª
2025-07-07 03:35:24.896195, FUN (06.07 17:00|11h) RSI:31.8âšª
2025-07-07 03:35:24.896207, BID (07.07 02:00|2h) RSI:13.5ðŸŸ¢
2025-07-07 03:35:24.896216, CHEEMS (07.07 03:00|1h) RSI:40.4âšª
2025-07-07 03:51:29.009836, PENGU (06.07 14:00|14h) RSI:31.4âšª
2025-07-07 03:51:29.009897, FUN (06.07 17:00|11h) RSI:31.7âšª
2025-07-07 03:51:29.009908, BID (07.07 02:00|2h) RSI:13.3ðŸŸ¢
2025-07-07 03:51:29.009917, CHEEMS (07.07 03:00|1h) RSI:42.7âšª
2025-07-07 03:51:29.009923, FARTCOIN (07.07 03:00|1h) RSI:47.6âšª
2025-07-07 03:55:43.256475, PENGU (06.07 14:00|14h) RSI:31.3âšª
2025-07-07 03:55:43.256519, FUN (06.07 17:00|11h) RSI:31.5âšª
2025-07-07 03:55:43.256527, BID (07.07 02:00|2h) RSI:12.9ðŸŸ¢
2025-07-07 03:55:43.256533, CHEEMS (07.07 03:00|1h) RSI:42.3âšª
2025-07-07 03:57:47.372586, PENGU (06.07 14:00|14h) RSI:30.8âšª
2025-07-07 03:57:47.372637, FUN (06.07 17:00|11h) RSI:31.9âšª
2025-07-07 03:57:47.372650, BID (07.07 02:00|2h) RSI:12.7ðŸŸ¢
2025-07-07 03:57:47.372660, KAVA (07.07 03:00|1h) RSI:37.0âšª
2025-07-07 03:57:47.372669, CHEEMS (07.07 03:00|1h) RSI:41.1âšª
2025-07-07 04:00:47.631873, PENGU (06.07 14:00|15h) RSI:34.3âšª
2025-07-07 04:00:47.631926, FUN (06.07 17:00|12h) RSI:34.1âšª
2025-07-07 04:00:47.631940, BID (07.07 02:00|3h) RSI:13.8ðŸŸ¢
2025-07-07 04:00:47.631950, KAVA (07.07 03:00|2h) RSI:39.1âšª
2025-07-07 04:00:47.631960, CHEEMS (07.07 03:00|2h) RSI:45.4âšª
2025-07-07 04:00:47.631969, FARTCOIN (07.07 04:00|1h) RSI:41.4âšª
